比赛,V5预测比分1,V5预测比分2,实际比分,90分钟预测,90分钟命中,竞彩让球,让球命中,复盘
哈萨克斯坦-摩尔多瓦,2-0,1-0,1-2,胜,❌,未知,未知,V5主比分方向与实际结果相反
塞浦路斯-亚美尼亚,0-1,1-1,2-0,负,❌,未知,未知,V5主比分方向与实际结果相反
比利时-土耳其,2-1,1-0,3-0,胜,✅,未知,未知,90分钟方向命中但精确比分未命中
法国-意大利,1-0,1-1,1-1,胜,❌,未知,未知,实际为平局；第二比分精确命中但主预测方向未命中
匈牙利-格鲁吉亚,1-1,2-1,1-0,胜,✅,未知,未知,90分钟方向命中
乌克兰-北爱尔兰,1-0,0-0,0-3,胜,❌,未知,未知,V5主比分方向与实际结果相反
波黑-瑞典,1-2,1-1,1-1,负,❌,未知,未知,第二比分精确命中；主预测方向未命中
波兰-罗马尼亚,1-0,2-1,6-0,胜,✅,未知,未知,90分钟方向命中
拉脱维亚-黑山,0-1,1-2,1-2,负,✅,未知,未知,第二比分精确命中
法罗群岛-斯洛伐克,0-2,0-1,1-1,负,❌,未知,未知,V5主预测方向与实际结果相反
