序号,比赛,竞彩让球,我的90分钟预测,实际90分钟结果,90分钟是否命中,我的让球预测,实际让球结果,让球是否命中,穿盘概率(%),我的置信度(%)
1,荷兰 vs 德国,荷兰 -1,平,平 1-1,✅,让负,让平,❌,27,72
2,塞尔维亚 vs 希腊,塞尔维亚 -1,负,负 1-2,✅,让负,让平,❌,24,70
3,挪威 vs 丹麦,挪威 -1,胜,胜 3-2,✅,让胜,让平,❌,42,64
4,葡萄牙 vs 威尔士,葡萄牙 -2,胜,胜 1-0,✅,让负,让负,✅,31,69
5,奥地利 vs 以色列,奥地利 -1,胜,胜 3-1,✅,让胜,让胜,✅,55,76
6,科索沃 vs 爱尔兰,科索沃 -1,胜,胜 1-0,✅,让负,让平,❌,30,71
7,格鲁吉亚 vs 北爱尔兰,格鲁吉亚 -1,胜,负 0-1,❌,让负,让负,✅,28,73
8,亚美尼亚 vs 拉脱维亚,亚美尼亚 -1,胜,胜 2-0,✅,让胜,让胜,✅,57,77
9,意大利 vs 比利时,意大利 -1,胜,负 0-2,❌,让负,让负,✅,29,74
10,土耳其 vs 法国,土耳其 +1,负,负 0-1,✅,让胜,让平,❌,39,68
11,波兰 vs 波黑,波兰 -1,平,平 0-0,✅,让负,让负,✅,31,72
12,瑞典 vs 罗马尼亚,瑞典 -1,胜,胜 2-1,✅,让平,让平,✅,34,70
13,斯洛文尼亚 vs 苏格兰,斯洛文尼亚 -1,负,平 0-0,❌,让负,让负,✅,26,76
14,法罗群岛 vs 哈萨克斯坦,法罗群岛 -1,平,平 1-1,✅,让平,让平,✅,30,73
15,冰岛 vs 爱沙尼亚,冰岛 -1,胜,平 1-1,❌,让胜,让平,❌,48,81
16,保加利亚 vs 卢森堡,保加利亚 -1,胜,负 1-2,❌,让平,让负,❌,35,
17,捷克 vs 克罗地亚,捷克 +1,负,负 1-2,✅,让平,让平,✅,36,72
18,北马其顿 vs 瑞士,北马其顿 +1,负,负 0-3,✅,让平,让负,❌,29,80
19,丹麦 vs 威尔士,丹麦 -1,胜,胜 2-0,✅,让平,让胜,❌,43,76
20,塞尔维亚 vs 荷兰,塞尔维亚 +1,负,负 1-2,✅,让平,让平,✅,38,74
21,奥地利 vs 科索沃,奥地利 -1,胜,胜 3-1,✅,让平,让胜,❌,40,72
22,德国 vs 希腊,德国 -2,胜,负 0-1,❌,让平,让负,❌,21,75
23,挪威 vs 葡萄牙,0,负,负 1-2,✅,让胜,让负,❌,33,78
24,亚美尼亚 vs 黑山,亚美尼亚 -1,平,负 2-3,❌,让负,让负,✅,32,68
25,土耳其 vs 意大利,土耳其 +1,平,负 1-4,❌,让胜,让负,❌,39,74
26,比利时 vs 法国,比利时 +1,平,负 0-1,❌,让胜,让平,❌,37,71
27,罗马尼亚 vs 波黑,罗马尼亚 -1,胜,负 2-4,❌,让负,让负,✅,30,67
28,瑞典 vs 波兰,瑞典 -1,胜,胜 3-1,✅,让平,让胜,❌,41,69
29,北爱尔兰 vs 匈牙利,北爱尔兰 +1,平,平 0-0,✅,让胜,让胜,✅,39,73
30,匈牙利 vs 乌克兰,匈牙利 0,负,负 0-1,✅,让负,让负,—,,
31,黑山 vs 塞浦路斯,黑山 -1,胜,胜 2-1,✅,让平,让平,—,,
32,圣马力诺 vs 芬兰,圣马力诺 +2,负,负 0-7,✅,让胜,让负,—,,
33,英格兰 vs 西班牙,英格兰 +1,负,负 2-3,✅,让负,让平,—,,
34,阿尔巴尼亚 vs 白俄罗斯,阿尔巴尼亚 -1,胜,胜 2-0,✅,让平,让胜,—,,
35,斯洛伐克 vs 摩尔多瓦,斯洛伐克 -2,胜,胜 2-0,✅,让胜,让平,—,,
36,立陶宛 vs 阿塞拜疆,0,平,平 1-1,✅,让平,让平,—,,
37,直布罗陀 vs 安道尔,0,平,平 0-0,✅,让平,让平,—,,
38,以色列 vs 爱尔兰,以色列 0,负,负 0-3,✅,让负,让负,—,,
39,格鲁吉亚 vs 乌克兰,格鲁吉亚 0,平,平 0-0,✅,让平,让平,—,,
40,拉脱维亚 vs 塞浦路斯,拉脱维亚 0,平,平 0-0,✅,让平,让平,—,,
