编号,比赛,V5比分1,V5比分2,实际比分,赛果日期,数据类型
1,荷兰-德国,1-1,2-1,1-1,2026-09-24,V5重建版
2,塞尔维亚-希腊,1-2,0-1,1-2,2026-09-24,V5重建版
3,挪威-丹麦,2-1,2-2,3-2,2026-09-24,V5重建版
4,葡萄牙-威尔士,2-0,1-0,1-0,2026-09-24,V5重建版
5,奥地利-以色列,2-1,2-0,3-1,2026-09-25,V5重建版
6,科索沃-爱尔兰,1-0,1-1,1-0,2026-09-25,V5重建版
7,格鲁吉亚-北爱尔兰,0-1,1-1,0-1,2026-09-25,V5重建版
8,亚美尼亚-拉脱维亚,2-0,1-0,2-0,2026-09-25,V5重建版
9,意大利-比利时,0-2,1-2,0-2,2026-09-25,V5重建版
10,土耳其-法国,0-1,0-2,0-1,2026-09-25,V5重建版
11,波兰-波黑,0-0,1-0,0-0,2026-09-25,V5重建版
12,瑞典-罗马尼亚,2-1,1-0,2-1,2026-09-25,V5重建版
13,斯洛文尼亚-苏格兰,0-0,1-0,0-0,2026-09-26,V5重建版
14,法罗群岛-哈萨克斯坦,1-1,0-1,1-1,2026-09-26,V5重建版
15,冰岛-爱沙尼亚,1-1,1-0,1-1,2026-09-26,V5重建版
16,保加利亚-卢森堡,1-1,1-2,1-2,2026-09-26,V5重建版
17,捷克-克罗地亚,1-2,0-1,1-2,2026-09-26,V5重建版
18,北马其顿-瑞士,0-2,0-3,0-3,2026-09-26,V5重建版
19,丹麦-威尔士,2-0,1-0,2-0,2026-09-27,V5重建版
20,塞尔维亚-荷兰,1-2,0-1,1-2,2026-09-27,V5重建版
21,奥地利-科索沃,2-1,2-0,3-1,2026-09-27,V5重建版
22,德国-希腊,1-0,0-1,0-1,2026-09-27,V5重建版
23,挪威-葡萄牙,1-2,0-2,1-2,2026-09-27,V5重建版
24,亚美尼亚-黑山,1-2,1-1,2-3,2026-09-28,V5重建版
25,土耳其-意大利,1-2,1-3,1-4,2026-09-28,V5重建版
26,比利时-法国,0-1,0-2,0-1,2026-09-28,V5重建版
27,罗马尼亚-波黑,1-2,1-1,2-4,2026-09-28,V5重建版
28,瑞典-波兰,2-1,2-0,3-1,2026-09-28,V5重建版
29,北爱尔兰-匈牙利,0-0,1-0,0-0,2026-09-28,V5重建版
30,匈牙利-乌克兰,0-1,1-1,0-1,2026-09-28,V5重建版
31,黑山-塞浦路斯,2-1,1-0,2-1,2026-09-28,V5重建版
32,圣马力诺-芬兰,0-4,0-5,0-7,2026-09-26,V5重建版
33,英格兰-西班牙,1-2,1-1,2-3,2026-09-26,V5重建版
34,阿尔巴尼亚-白俄罗斯,2-0,1-0,2-0,2026-09-26,V5重建版
35,斯洛伐克-摩尔多瓦,2-0,1-0,2-0,2026-09-26,V5重建版
36,立陶宛-阿塞拜疆,1-1,0-0,1-1,2026-09-27,V5重建版
37,直布罗陀-安道尔,0-0,1-0,0-0,2026-09-27,V5重建版
38,以色列-爱尔兰,0-2,0-1,0-3,2026-09-27,V5重建版
39,格鲁吉亚-乌克兰,0-0,1-0,0-0,2026-09-28,V5重建版
40,拉脱维亚-塞浦路斯,0-0,1-0,0-0,2026-09-28,V5重建版
41,芬兰-白俄罗斯,0-0,1-0,0-0,2026-09-29,V5重建版
42,摩尔多瓦-法罗群岛,1-1,0-1,1-1,2026-09-29,V5重建版
43,捷克-英格兰,0-2,0-1,0-2,2026-09-29,V5重建版
44,西班牙-克罗地亚,3-1,2-0,4-1,2026-09-29,V5重建版
45,苏格兰-瑞士,0-2,0-1,0-3,2026-09-29,V5重建版
46,斯洛文尼亚-北马其顿,2-0,1-0,2-0,2026-09-29,V5重建版
47,圣马力诺-阿尔巴尼亚,0-3,0-2,0-3,2026-09-29,V5重建版
48,斯洛伐克-哈萨克斯坦,2-1,1-0,2-1,2026-09-29,V5重建版
49,保加利亚-爱沙尼亚,0-0,1-0,0-0,2026-09-29,V5重建版
50,卢森堡-冰岛,0-2,0-1,0-3,2026-09-29,V5重建版
