日期,联赛,时间,主队,客队,实际比分,网站信号
"2026-08-31","埃及超","2026-08-31 22:00","佩特雷姆","国家银行俱乐部","0:1","弱势方弃守 · 客不败 · 客不败"
"2026-08-31","芬超","2026-09-01 00:00","埃尔维斯","赫尔辛基","1:2","弱势方弃守 · 客不败 · 客不败"
"2026-08-31","芬超","2026-09-01 00:00","玛丽港","雅罗","2:0","客队弃守镜像 · 主不败 · 主不败"
"2026-08-31","意甲","2026-09-01 00:30","莱切","罗马","0:4","弱势方弃守 · 客不败 · 客不败"
"2026-08-31","希腊超","2026-09-01 00:30","莱瓦贾科斯","帕纳辛纳科斯","0:2","弱势方弃守 · 客不败 · 客不败"
"2026-08-31","瑞典超","2026-09-01 01:00","尤尔加登","米亚尔比","4:0","客队弃守镜像 · 主不败 · 主不败"
"2026-08-31","瑞典超","2026-09-01 01:00","天狼星","马尔默","0:1","客队弃守镜像 · 主不败 · 主不败"
"2026-08-31","埃及超","2026-09-01 01:00","扎马雷克","佩特捷德","2:1","客队弃守镜像 · 主不败 · 主不败"
"2026-08-31","西甲","2026-09-01 01:30","奥萨苏纳","赫塔菲","1:0","客队弃守镜像 · 主不败 · 主不败"
"2026-08-31","罗甲","2026-09-01 01:30","布加勒斯特快速","克拉约瓦大学","1:1","弱势方弃守 · 客不败 · 客不败"
"2026-08-31","乌拉甲","2026-09-01 02:30","蒙特维多竞技","阿尔比恩","1:0","客队弃守镜像 · 主不败 · 主不败"
"2026-08-31","法乙","2026-09-01 02:45","第戎","圣埃蒂安","2:3","弱势方弃守 · 客不败 · 客不败"
"2026-08-31","英超","2026-09-01 03:00","阿斯顿维拉","阿森纳","0:1","弱势方弃守 · 客不败 · 客不败"
"2026-08-31","克亚甲","2026-09-01 03:00","HNK哥里卡","里耶卡","0:0","弱势方弃守 · 客不败 · 客不败"
"2026-08-30","美职业","2026-08-30 10:30","圣地亚哥","洛杉矶银河","3:1","客队弃守镜像 · 主不败 · 主不败"
"2026-08-30","葡甲","2026-08-30 18:00","阿马兰迪","本菲卡B队","1:0","客队弃守镜像 · 主不败 · 主不败"
"2026-08-30","荷乙","2026-08-30 18:15","FC埃因霍温","赫拉克勒斯","1:3","定盘星背离 · 客不败 · 客不败"
"2026-08-30","韩K联","2026-08-30 18:30","光州FC","FC首尔","2:5","弱势方弃守 · 客不败 · 客不败"
"2026-08-30","韩K联","2026-08-30 18:30","济州SK","大田市民","3:1","弱势方弃守 · 客不败 · 客不败"
"2026-08-30","中甲","2026-08-30 19:00","宁波职业足球俱乐部","梅州客家","1:1","客队弃守镜像 · 主不败 · 主不败"
"2026-08-30","比甲","2026-08-30 19:30","根特","布鲁日","2:1","弱势方弃守 · 客不败 · 客不败"
"2026-08-30","中甲","2026-08-30 19:30","广东广州豹","长春亚泰","3:0","客队弃守镜像 · 主不败 · 主不败"
"2026-08-30","瑞典超","2026-08-30 20:00","索尔纳","哈马比","3:2","弱势方弃守 · 客不败 · 客不败"
"2026-08-30","丹麦超","2026-08-30 20:00","利恩比","欧登塞","1:1","客队弃守镜像 · 主不败 · 主不败"
"2026-08-30","丹麦超","2026-08-30 20:00","锡尔克堡","中日德兰","1:1","弱势方弃守 · 客不败 · 客不败"
"2026-08-30","马来超","2026-08-30 20:15","马六甲FC","森美兰州","2:1","弱势方弃守 · 客不败 · 客不败"
"2026-08-30","荷甲","2026-08-30 20:30","威廉二世","海伦芬","2:2","弱势方弃守 · 客不败 · 客不败"
"2026-08-30","英超","2026-08-30 21:00","切尔西","布莱顿","4:3","客队弃守镜像 · 主不败 · 主不败"
"2026-08-30","英超","2026-08-30 21:00","桑德兰","富勒姆","1:0","客队弃守镜像 · 主不败 · 主不败"
"2026-08-30","法甲","2026-08-30 21:00","巴黎FC","尼斯","3:0","客队弃守镜像 · 主不败 · 主不败"
"2026-08-30","捷甲","2026-08-30 21:00","利贝雷茨","赫拉德茨克拉洛韦","2:0","客队弃守镜像 · 主不败 · 主不败"
"2026-08-30","球会友谊","2026-08-30 21:00","基约乌体育","卢旺达警察","1:0","弱势方弃守 · 客不败 · 客不败"
"2026-08-30","阿联酋超","2026-08-30 21:55","哈塔","沙迦","0:3","弱势方弃守 · 客不败 · 客不败"
"2026-08-30","比乙","2026-08-30 22:00","维尔通","法兰波垒斯","0:1","弱势方弃守 · 客不败 · 客不败"
"2026-08-30","荷甲","2026-08-30 22:45","特尔斯达","阿贾克斯","0:4","弱势方弃守 · 客不败 · 客不败"
"2026-08-30","西甲","2026-08-30 23:00","皇家马德里","马拉加","4:0","客队弃守镜像 · 主不败 · 主不败"
"2026-08-30","西乙","2026-08-30 23:00","安道尔FC","埃瓦尔","0:1","客队弃守镜像 · 主不败 · 主不败"
"2026-08-30","捷甲","2026-08-30 23:00","比尔森胜利","斯洛瓦科","1:1","客队弃守镜像 · 主不败 · 主不败"
"2026-08-30","捷甲","2026-08-30 23:00","特普利斯","亚布洛内茨","2:0","客队弃守镜像 · 主不败 · 主不败"
"2026-08-30","斯伐超","2026-08-30 23:00","斯卡利卡","斯特里达","1:6","弱势方弃守 · 客不败 · 客不败"
"2026-08-30","葡杯","2026-08-30 23:00","蒙塔莱格里","蓬特达巴萨","0:0","客队弃守镜像 · 主不败 · 主不败"
"2026-08-30","法甲","2026-08-30 23:15","雷恩","勒芒","3:2","客队弃守镜像 · 主不败 · 主不败"
"2026-08-30","土超","2026-08-31 00:00","埃于普体育","阿拉尼亚体育","2:1","弱势方弃守 · 客不败 · 客不败"
"2026-08-30","丹麦超","2026-08-31 00:00","北西兰","布隆德比","3:1","客队弃守镜像 · 主不败 · 主不败"
"2026-08-30","葡杯","2026-08-31 00:00","卡尔达斯","辛特伦斯","1:3","客队弃守镜像 · 主不败 · 主不败"
"2026-08-30","葡杯","2026-08-31 00:00","弗洛格拉德","乔奥维尔","0:0","定盘星背离 · 客不败 · 客不败"
"2026-08-30","葡杯","2026-08-31 00:00","诺古里尼斯","纳瓦尔","1:1","客队弃守镜像 · 主不败 · 主不败"
"2026-08-30","葡杯","2026-08-31 00:00","雷博德卢","布拉干萨","0:4","弱势方弃守 · 客不败 · 客不败"
"2026-08-30","葡杯","2026-08-31 00:00","萨古伊罗斯","索森斯","2:1","客队弃守镜像 · 主不败 · 主不败"
"2026-08-30","葡杯","2026-08-31 00:00","法森达斯","莫卡里恩斯","1:0","客队弃守镜像 · 主不败 · 主不败"
"2026-08-30","葡杯","2026-08-31 00:00","乌尼奥山","庞巴尔联合","5:0","客队弃守镜像 · 主不败 · 主不败"
"2026-08-30","意乙","2026-08-31 01:00","阿雷佐","巴勒莫","2:3","弱势方弃守 · 客不败 · 客不败"
"2026-08-30","意乙","2026-08-31 01:00","曼托瓦","恩波利","3:1","客队弃守镜像 · 主不败 · 主不败"
"2026-08-30","西乙","2026-08-31 01:00","马洛卡","休达","3:0","客队弃守镜像 · 主不败 · 主不败"
"2026-08-30","葡超","2026-08-31 01:00","卡萨比亚","摩里伦斯","0:1","弱势方弃守 · 客不败 · 客不败"
"2026-08-30","俄超","2026-08-31 01:00","喀山红宝石","马哈奇卡拉","3:1","弱势方弃守 · 客不败 · 客不败"
"2026-08-30","奥甲","2026-08-31 01:00","萨尔茨堡","奥地利维也纳","4:1","客队弃守镜像 · 主不败 · 主不败"
"2026-08-30","匈甲","2026-08-31 01:00","普斯卡什学院","费伦茨瓦罗斯","1:2","弱势方弃守 · 客不败 · 客不败"
"2026-08-30","冰岛超","2026-08-31 01:00","弗拉姆","阿古雷利","2:2","客队弃守镜像 · 主不败 · 主不败"
"2026-08-30","冰岛超","2026-08-31 01:00","哈夫纳夫约杜尔","凯夫拉维克","2:1","弱势方弃守 · 客不败 · 客不败"
"2026-08-30","比甲","2026-08-31 01:15","韦斯特洛","瓦勒海姆","2:2","弱势方弃守 · 客不败 · 客不败"
"2026-08-30","比乙","2026-08-31 01:15","瑟兰联","利尔斯","1:1","客队弃守镜像 · 主不败 · 主不败"
"2026-08-30","荷甲","2026-08-31 02:00","坎布尔","特温特","1:4","弱势方弃守 · 客不败 · 客不败"
"2026-08-30","阿乙","2026-08-31 02:00","阿尔米兰提布朗","玛德恩","1:0","客队弃守镜像 · 主不败 · 主不败"
"2026-08-30","波兰超","2026-08-31 02:15","维德祖罗兹","波兹南莱赫","2:3","弱势方弃守 · 客不败 · 客不败"
"2026-08-30","斯亚甲","2026-08-31 02:15","南塔","马里博尔","2:3","弱势方弃守 · 客不败 · 客不败"
"2026-08-30","土超","2026-08-31 02:30","萨姆松体育","费内巴切","0:2","弱势方弃守 · 客不败 · 客不败"
"2026-08-30","阿乙","2026-08-31 02:30","玛伦","圣米格尔","2:1","客队弃守镜像 · 主不败 · 主不败"
"2026-08-30","阿乙","2026-08-31 02:30","帕特罗纳图","阿马格罗","0:1","客队弃守镜像 · 主不败 · 主不败"
"2026-08-30","意甲","2026-08-31 02:45","卡利亚里","国际米兰","0:1","弱势方弃守 · 客不败 · 客不败"
"2026-08-30","法甲","2026-08-31 02:45","摩纳哥","马赛","2:0","客队弃守镜像 · 主不败 · 主不败"
"2026-08-30","智利甲","2026-08-31 03:00","康塞普西翁大学","智利大学","2:1","弱势方弃守 · 客不败 · 客不败"
"2026-08-30","塞尔超","2026-08-31 03:00","诺维贝尔格莱德","马拉多特","2:0","客队弃守镜像 · 主不败 · 主不败"
"2026-08-30","巴西乙","2026-08-31 03:00","米内罗美洲","庞特普雷塔","2:0","客队弃守镜像 · 主不败 · 主不败"
"2026-08-30","巴西乙","2026-08-31 03:00","奥瓦","戈亚尼亚竞技","0:1","弱势方弃守 · 客不败 · 客不败"
"2026-08-30","哥伦甲","2026-08-31 03:00","阿古拉斯多拉达斯","茨高","2:2","客队弃守镜像 · 主不败 · 主不败"
"2026-08-30","葡超","2026-08-31 03:30","法马利康","吉维森特","0:0","客队弃守镜像 · 主不败 · 主不败"
"2026-08-30","阿乙","2026-08-31 04:00","科多巴竞赛会","科隆竞技","1:0","弱势方弃守 · 客不败 · 客不败"
"2026-08-30","厄瓜甲","2026-08-31 04:30","奥伦斯CS","马卡拉","1:2","客队弃守镜像 · 主不败 · 主不败"
"2026-08-30","智利甲","2026-08-31 05:30","科洛科洛","奥达斯","5:1","客队弃守镜像 · 主不败 · 主不败"
"2026-08-30","巴拉甲","2026-08-31 05:30","亚松森瓜拉尼","艾美利亚诺体育","1:1","客队弃守镜像 · 主不败 · 主不败"
"2026-08-30","智利甲","2026-08-31 08:00","科金博","华奇巴托","0:1","客队弃守镜像 · 主不败 · 主不败"
"2026-08-30","阿甲","2026-08-31 08:30","门多萨独立","竞技俱乐部","3:1","客队弃守镜像 · 主不败 · 主不败"
"2026-08-29","墨西联","2026-08-29 11:00","蒂华纳","美洲狮","2:0","客队弃守镜像 · 主不败 · 主不败"
"2026-08-29","球会友谊","2026-08-29 16:00","卡迪斯B队","中央竞技队","0:1","客队弃守镜像 · 主不败 · 主不败"
"2026-08-29","日职联","2026-08-29 17:00","水户蜀葵","町田泽维亚","1:1","弱势方弃守 · 客不败 · 客不败"
"2026-08-29","日职联","2026-08-29 17:30","长崎成功丸","FC东京","0:3","弱势方弃守 · 客不败 · 客不败"
"2026-08-29","日职乙","2026-08-29 17:30","八户云罗里","秋田蓝色闪电","1:0","弱势方弃守 · 客不败 · 客不败"
"2026-08-29","球会友谊","2026-08-29 17:30","格尼卡","巴斯科尼亚","0:1","弱势方弃守 · 客不败 · 客不败"
"2026-08-29","日职联","2026-08-29 18:00","京都不死鸟","福冈黄蜂","2:1","弱势方弃守 · 客不败 · 客不败"
"2026-08-29","日职联","2026-08-29 18:00","名古屋鲸八","冈山绿雉","2:1","弱势方弃守 · 客不败 · 客不败"
"2026-08-29","日职乙","2026-08-29 18:00","横滨FC","鸟栖沙岩","2:2","客队弃守镜像 · 主不败 · 主不败"
"2026-08-29","葡杯","2026-08-29 18:00","奥利维伦斯","卡斯提洛","4:0","客队弃守镜像 · 主不败 · 主不败"
"2026-08-29","韩K联","2026-08-29 18:30","富川FC","FC安养","1:1","客队弃守镜像 · 主不败 · 主不败"
"2026-08-29","中超","2026-08-29 19:00","浙江俱乐部绿城","云南玉昆","6:0","客队弃守镜像 · 主不败 · 主不败"
"2026-08-29","中甲","2026-08-29 19:30","佛山南狮","深圳青年人","1:2","定盘星背离 · 客不败 · 客不败"
"2026-08-29","中甲","2026-08-29 19:30","南京城市","广西恒宸","0:2","弱势方弃守 · 客不败 · 客不败"
"2026-08-29","中甲","2026-08-29 19:30","石家庄功夫","无锡吴钩","2:0","弱势方弃守 · 客不败 · 客不败"
"2026-08-29","球会友谊","2026-08-29 19:30","蒙通联","特罗萨萨纳","2:0","客队弃守镜像 · 主不败 · 主不败"
"2026-08-29","中超","2026-08-29 20:00","河南队","重庆铜梁龙","1:1","客队弃守镜像 · 主不败 · 主不败"