日期,比赛,实际比分,90分钟命中,竞彩让球命中,实际首发（官方/可靠赛后来源）,赛前已知伤停/停赛,赛后确认伤停/停赛,首发核验来源
2026-10-02,比利时 vs 土耳其,3-0,✅,未知,"比利时：Lammens；Castagne、Ngoy、Mechele、De Cuyper；Vanaken、Tielemans；Lukebakio、De Bruyne、Godts；De Ketelaere。土耳其：Çakır；Çelik、Demiral、Bardakcı；Aydın、Yüksek、Elmaz、Kadıoğlu；Güler、Aktürkoğlu；Yılmaz。","比利时：Trossard伤、Penders伤、Debast停赛；土耳其：未发现可靠伤停","赛后新增/确认停赛：未知；赛后新增伤停：未知","Starting11确认首发；UEFA赛果用于比分"
2026-10-02,波黑 vs 瑞典,1-1,❌,未知,"波黑：Hamzić；Memić、Katić、Muharemović、Kolašinac；Bajraktarevic、Bašić、Gigović、Alajbegović；Demirović、Džeko。瑞典：Johansson；Lindelöf、Starfelt、Skoglund；Bernhardsson、Karlström、Larsson、Zeneli、Gudmundsson；Gyökeres、Nanasi。","瑞典：Ayari、Nygren、Lagerbielke、Stroud、Wålemark等伤/病缺席；Isak、Ekdal退出；波黑：未知","赛后确认：Džeko为最后一次国家队出场；其余新增伤停/停赛：未知","波黑足协官方比赛页；Starting11/FotMob交叉核验"
2026-10-02,塞浦路斯 vs 亚美尼亚,2-0,❌,未知,"塞浦路斯：Fabiano；Konomis、Kyprianou、Panagiotou、Pileas；Loizou、Kastanos、Andreou、Edwards；Kakoullis、Pittas。亚美尼亚：Beglaryan；Simonyan、Piloyan、Harutyunyan、Tiknizyan；Bandikyan、Hovhannisyan、Spertsyan；Sevikyan、Gharibyan、Manvelyan。","塞浦路斯：Sotiriou、Tsaroulla停赛；亚美尼亚：Serobyan停赛","Kostas Pileas第52分钟红牌，赛后确认停赛；赛后新增伤停：未知","Cornerflick/Starting11确认首发；赛事事件确认红牌"
2026-10-02,法罗群岛 vs 斯洛伐克,1-1,❌,未知,"法罗群岛：Lamhauge；Færø、Vatnhamar、Danielsen、Edmundsson、Agnarsson；Bjartalíð、Sørensen、Kallsberg、G. David Turi；Knudsen。斯洛伐克：Greif；Škriniar、Valjent、Vavro、Mesík；Lobotka、Suslov、Rigo；Boženík、Ďuriš、Sauer。","斯洛伐克：1名中场伤缺，赛前未能可靠统一核实名单；法罗群岛：未发现可靠伤停","赛后新增伤停/停赛：未知；黄牌信息已记录但未发现确认导致下一场停赛的可靠证据","Betstudy赛后首发/事件；UEFA官方赛程页"
2026-10-02,法国 vs 意大利,1-1,❌,未知,"法国：Maignan；Kalulu、Jacquet、Upamecano、Truffert；Rabiot、Lucas Da Cunha、Cherki；Olise、Dembélé、Doué。意大利：Donnarumma；Kayode、Scalvini、Bastoni、Calafiori；Frattesi、Tonali、Fagioli；Kean、Pio Esposito、Sebastiano Esposito。","法国：Mbappé缺席；其余关键伤停未完全核实；意大利：Raspadori因伤缺席","Dayot Upamecano赛末红牌，赛后确认停赛；赛后新增伤停：未知","FIFA比赛报告；Reuters/Football-Italia交叉核验"
2026-10-02,匈牙利 vs 格鲁吉亚,1-0,✅,未知,"匈牙利：Tóth B.；Osváth、Orbán、Csinger、Kerkez；Schäfer、Tóth A.；Tóth M.、Szoboszlai、Nagy Zs.；Lukács D.。格鲁吉亚：Mamardashvili、Goglichidze、Dvali、Lochoshvili、Kakabadze、Yegoian、Kiteishvili、Tsitaishvili、Chakvetadze、Mikautadze、Kvaratskhelia。","匈牙利：Varga、Bolla、Redzic伤；Sallai伤疑；格鲁吉亚：未充分核实","Miloš Kerkez第74分钟黄牌，因三场累计第二张黄牌确认下一场停赛；赛后新增伤停：未知","匈牙利足协MLSZ官方赛后报告"
2026-10-02,哈萨克斯坦 vs 摩尔多瓦,1-2,❌,未知,"哈萨克斯坦：Zarutskiy；Alip、Erlanov、Mrynskiy、Vorogovskiy；Orazov、Astanov、Islamkhan、Kenjebek、Karaman；Karimov。摩尔多瓦：Celeadnic；Reabciuk、Baboglo、Revenco、Iovu；Gherasimencov、Fratea、Perciun、Rață；Serghei Clescenco、Popescu。","哈萨克斯坦：Zaynutdinov、Chesnokov、Satpayev伤；Kuat停赛；Samorodov、Kasym存疑；摩尔多瓦：Postolachi、Nicolaescu、Caimacov、Damascan、Rotaru伤","赛后新增伤停/停赛：未知","Betstudy赛后首发与事件"
2026-10-02,拉脱维亚 vs 黑山,1-2,✅,未知,"拉脱维亚：Matrevics；Melniks、Savaļnieks、Černomordijs、Vientiess、Cirkin；Zelenkovs、Cigaņiks、Vapne、Patijčuks；Uldriķis。黑山：Popović；Vešović、Rubežić、Radunović、Vujačić；Loncar、Adžić、Janković；Osmajić、Jovetić、Krstović。","双方赛前未发现可靠新伤停/停赛","赛后新增伤停/停赛：未知","BetStudy赛后首发"
2026-10-02,波兰 vs 罗马尼亚,6-0,✅,未知,"波兰：Bułka；Cash、Bednarek、Frankowski、Kiwior；Zieliński、Świderski、Szymański、Zalewski、Nowak；Lewandowski。罗马尼亚：Hindrich；Bancu、Ghiță、Rațiu、Drăgușin；R. Marin、I. Hagi、Băluță；Mihăilă、D. Man、Bîrligea。","波兰：锋线存在伤缺；罗马尼亚：赛前暂无重大伤停被可靠来源一致确认","Radu Drăgușin第22分钟红牌，赛后确认停赛；赛后新增伤停：未知","BetStudy赛后首发与事件；Reuters确认红牌"
2026-10-02,乌克兰 vs 北爱尔兰,0-3,❌,未知,"乌克兰：Riznyk；Bondar、Zabarnyi、Sarapiy、Matviyenko；Ocheretko、Brazhko；Tsygankov、Yarmolenko、Sudakov；Yaremchuk。北爱尔兰：Charles；Spencer、Atcheson、McConville、Brown；Devlin、Morrison、Hume、S. Charles；Price、Donley。","双方赛前未核实到足够可靠的完整伤停清单","赛后新增伤停/停赛：未知","The Guardian赛后阵容与替补记录"
